Rk,Player,Pos,Age,Tm,FG%,3P%,TRB,AST,STL,BLK,TOV,PTS
1,Precious Achiuwa\achiupr01,C,22,TOR,0.386,0.269,8.2,1.6,0.5,0.6,1.1,8.0
2,Steven Adams\adamsst01,C,28,MEM,0.535,,8.8,2.6,0.9,0.6,1.8,7.0
3,Bam Adebayo\adebaba01,C,24,MIA,0.519,0.000,10.2,3.2,1.1,0.3,2.9,18.7
4,Santi Aldama\aldamsa01,PF,21,MEM,0.364,0.111,2.6,0.8,0.1,0.2,0.3,3.6
5,LaMarcus Aldridge\aldrila01,C,36,BRK,0.573,0.367,5.7,0.9,0.4,1.2,0.8,14.0
6,Nickeil Alexander-Walker\alexani01,SG,23,NOP,0.366,0.310,3.9,2.6,1.0,0.4,1.5,13.5
7,Grayson Allen\allengr01,SG,26,MIL,0.435,0.407,3.6,1.3,0.7,0.3,0.7,12.7
8,Jarrett Allen\allenja01,C,23,CLE,0.703,0.167,11.0,2.0,0.9,1.4,2.0,16.9
9,Jose Alvarado\alvarjo01,PG,23,NOP,0.385,0.400,0.6,1.1,0.5,0.0,0.1,1.8
10,Kyle Anderson\anderky01,PF,28,MEM,0.443,0.357,5.4,2.6,1.1,0.6,1.0,8.4
11,Giannis Antetokounmpo\antetgi01,PF,27,MIL,0.529,0.280,11.6,5.8,1.1,1.6,3.3,27.0
12,Thanasis Antetokounmpo\antetth01,SF,29,MIL,0.478,0.000,3.1,0.8,0.5,0.2,0.6,3.5
13,Carmelo Anthony\anthoca01,PF,37,LAL,0.430,0.413,4.1,0.9,0.7,0.6,0.8,13.4
14,Cole Anthony\anthoco01,PG,21,ORL,0.417,0.366,6.1,5.6,0.8,0.2,3.0,19.9
15,OG Anunoby\anunoog01,SF,24,TOR,0.430,0.366,5.4,2.7,1.5,0.6,1.7,20.1
16,D.J. Augustin\augusdj01,PG,34,HOU,0.437,0.450,1.0,2.5,0.2,0.0,1.3,5.0
17,Deni Avdija\avdijde01,SF,21,WAS,0.435,0.308,4.8,1.3,0.7,0.7,0.7,6.6
18,Joel Ayayi\ayayijo01,SG,21,WAS,,,0.4,0.6,0.0,0.0,0.0,0.0
19,Deandre Ayton\aytonde01,C,23,PHO,0.617,0.167,11.1,1.6,0.8,0.7,1.9,16.9
20,Udoka Azubuike\azubuud01,C,22,UTA,1.000,,1.0,0.0,0.0,0.0,0.3,0.5
21,Marvin Bagley III\baglema01,PF,22,SAC,0.477,0.286,6.7,0.6,0.2,0.3,0.5,8.1
22,LaMelo Ball\ballla01,PG,20,CHO,0.418,0.391,7.7,8.3,1.9,0.4,3.3,20.0
23,Lonzo Ball\balllo01,PG,24,CHI,0.413,0.421,5.5,4.9,1.7,1.0,2.5,12.8
24,Mo Bamba\bambamo01,C,23,ORL,0.457,0.324,8.6,1.7,0.8,2.2,1.4,10.3
25,Desmond Bane\banede01,SF,23,MEM,0.465,0.407,4.4,2.3,0.9,0.4,1.4,16.2
26,Dalano Banton\bantoda01,SF,22,TOR,0.458,0.300,2.3,1.8,0.4,0.2,1.0,4.1
27,Harrison Barnes\barneha02,PF,29,SAC,0.459,0.381,6.6,2.4,0.9,0.1,1.9,17.5
28,Scottie Barnes\barnesc01,PF,20,TOR,0.488,0.368,8.3,3.3,1.1,1.0,1.9,15.4
29,RJ Barrett\barrerj01,SF,21,NYK,0.402,0.353,5.6,2.1,0.4,0.3,1.7,15.1
30,Will Barton\bartowi01,SG,31,DEN,0.443,0.382,5.0,4.2,0.9,0.4,1.8,16.0
31,Charles Bassey\bassech01,PF,21,PHI,0.667,0.000,3.3,0.2,0.2,1.0,0.3,3.8
32,Keita Bates-Diop\bateske01,SF,26,SAS,0.457,0.200,3.5,0.5,0.5,0.3,0.8,3.8
33,Nicolas Batum\batumni01,PF,33,LAC,0.515,0.432,5.2,1.5,1.1,0.8,0.8,9.1
34,Kent Bazemore\bazemke01,SF,32,LAL,0.322,0.311,1.9,0.8,0.9,0.3,0.4,4.0
35,Darius Bazley\bazleda01,PF,21,OKC,0.373,0.281,6.3,1.3,0.9,1.1,1.4,8.5
36,Bradley Beal\bealbr01,SG,28,WAS,0.452,0.279,4.6,5.8,0.9,0.3,3.5,22.8
37,Malik Beasley\beaslma01,SG,25,MIN,0.361,0.341,3.2,1.6,0.6,0.2,0.7,11.0
38,DeAndre' Bembry\bembrde01,SF,27,BRK,0.568,0.409,3.3,1.1,0.9,0.5,0.7,5.6
39,Dāvis Bertāns\bertada01,PF,29,WAS,0.336,0.302,1.9,0.5,0.4,0.2,0.4,6.0
40,Patrick Beverley\beverpa01,PG,33,MIN,0.458,0.342,4.1,4.7,0.9,0.9,1.2,8.7
41,Saddiq Bey\beysa01,SF,22,DET,0.354,0.299,6.0,2.4,1.0,0.1,1.4,12.5
42,Khem Birch\birchkh01,C,29,TOR,0.500,0.000,5.7,1.3,1.0,0.5,0.6,6.9
43,Goga Bitadze\bitadgo01,C,22,IND,0.294,0.154,2.3,0.2,0.6,0.6,0.3,2.5
44,Nemanja Bjelica\bjeline01,C,33,GSW,0.479,0.400,3.9,1.6,0.7,0.3,1.1,6.6
45,Eric Bledsoe\bledser01,PG,32,LAC,0.425,0.318,3.8,3.7,1.3,0.4,2.0,9.5
46,Keljin Blevins\blevike01,SF,26,POR,0.500,0.667,0.3,0.3,0.0,0.0,0.7,2.0
47,Bogdan Bogdanović\bogdabo01,SG,29,ATL,0.447,0.391,3.6,2.5,0.7,0.2,0.9,11.6
48,Bojan Bogdanović\bogdabo02,PF,32,UTA,0.474,0.422,3.8,1.7,0.5,0.0,1.4,17.0
49,Bol Bol\bolbo01,PF,22,DEN,0.438,0.000,1.3,0.4,0.1,0.2,0.0,1.4
50,Leandro Bolmaro\bolmale01,SF,21,MIN,0.267,0.100,1.8,0.5,0.3,0.0,0.5,1.5
51,Isaac Bonga\bongais01,SF,22,TOR,0.250,0.333,0.6,0.3,0.4,0.2,0.1,1.1
52,Devin Booker\bookede01,SG,25,PHO,0.458,0.403,4.9,4.5,0.9,0.2,2.7,23.2
53,Brandon Boston Jr.\bostobr01,SG,20,LAC,0.392,0.343,1.6,0.4,0.6,0.2,0.7,5.8
54,Chris Boucher\bouchch01,PF,29,TOR,0.429,0.212,4.5,0.3,0.4,0.9,0.7,7.3
55,James Bouknight\bouknja01,SG,21,CHO,0.375,0.474,1.6,0.4,0.1,0.0,0.4,4.0
56,Avery Bradley\bradlav01,SG,31,LAL,0.406,0.400,2.5,0.8,0.8,0.2,0.5,5.8
57,Tony Bradley\bradlto01,C,24,CHI,0.557,,4.5,0.5,0.0,0.6,0.7,3.5
58,Ignas Brazdeikis\brazdig01,SF,23,ORL,0.258,0.167,1.4,0.5,0.2,0.0,0.2,1.8
59,Mikal Bridges\bridgmi01,SF,25,PHO,0.527,0.389,3.9,1.8,1.4,0.5,0.8,12.1
60,Miles Bridges\bridgmi02,PF,23,CHO,0.470,0.328,7.3,3.6,1.1,0.9,1.9,19.8
61,Oshae Brissett\brissos01,SF,23,IND,0.473,0.370,3.2,0.6,0.6,0.2,0.8,5.3
62,Malcolm Brogdon\brogdma01,PG,29,IND,0.448,0.313,5.5,6.2,0.9,0.4,2.3,19.7
63,Armoni Brooks\brookar01,SG,23,HOU,0.373,0.333,1.9,1.3,0.6,0.2,0.5,6.6
64,Dillon Brooks\brookdi01,SF,26,MEM,0.418,0.324,3.5,2.9,1.2,0.1,2.1,18.3
65,Bruce Brown\brownbr01,SF,25,BRK,0.468,0.320,4.3,1.1,1.3,0.4,0.6,6.9
66,Greg Brown III\browngr01,SF,20,POR,0.350,0.000,1.3,0.5,0.2,0.4,0.2,1.5
67,Jaylen Brown\brownja02,SF,25,BOS,0.463,0.370,5.1,2.4,1.1,0.5,2.4,21.2
68,Moses Brown\brownmo01,C,22,DAL,0.636,,2.1,0.0,0.2,0.4,0.4,3.4
69,Sterling Brown\brownst02,SG,26,DAL,0.355,0.275,3.2,0.8,0.5,0.2,0.7,3.0
70,Troy Brown Jr.\browntr01,SF,22,CHI,0.411,0.267,2.5,0.8,0.3,0.1,0.4,4.3
71,Jalen Brunson\brunsja01,PG,25,DAL,0.497,0.325,4.0,5.0,0.8,0.0,1.4,14.8
72,Reggie Bullock\bullore01,SF,30,DAL,0.354,0.274,2.7,0.9,0.3,0.1,0.6,5.6
73,Trey Burke\burketr01,PG,29,DAL,0.461,0.395,1.1,1.9,0.4,0.0,0.9,7.7
74,Alec Burks\burksal01,SG,30,NYK,0.388,0.400,3.9,2.1,1.1,0.3,0.8,11.4
75,Jared Butler\butleja02,SG,21,UTA,0.344,0.316,0.7,0.6,0.1,0.4,0.5,1.9
76,Jimmy Butler\butleji01,SF,32,MIA,0.509,0.194,5.8,5.2,2.2,0.3,1.9,22.8
77,Devontae Cacok\cacokde01,PF,25,SAS,1.000,,2.0,1.0,0.0,0.0,0.0,2.0
78,Kentavious Caldwell-Pope\caldwke01,SG,28,WAS,0.415,0.381,3.5,1.6,1.3,0.4,1.2,11.0
79,Facundo Campazzo\campafa01,PG,30,DEN,0.396,0.356,1.8,3.1,1.0,0.3,1.0,6.1
80,Vlatko Čančar\cancavl01,PF,24,DEN,0.375,0.800,1.1,0.8,0.3,0.1,0.4,2.6
81,Clint Capela\capelca01,C,27,ATL,0.570,0.000,12.9,1.4,0.9,1.5,0.6,11.4
82,Vernon Carey Jr.\careyve01,C,20,CHO,0.500,,1.5,0.0,0.5,0.0,0.5,3.5
83,Jevon Carter\carteje01,PG,26,BRK,0.276,0.305,1.5,1.1,0.3,0.3,0.4,2.3
84,Wendell Carter Jr.\cartewe01,C,22,ORL,0.505,0.348,10.1,2.6,0.6,0.6,1.5,12.9
85,Alex Caruso\carusal01,SG,27,CHI,0.441,0.347,3.6,4.1,2.2,0.4,1.5,8.4
86,Willie Cauley-Stein\caulewi01,C,28,DAL,0.457,0.500,2.1,0.5,0.3,0.2,0.4,1.9
87,Justin Champagnie\champju01,SF,20,TOR,0.444,0.000,1.4,0.1,0.1,0.1,0.0,2.2
88,Chris Chiozza\chiozch01,PG,26,GSW,0.367,0.409,1.5,1.6,0.5,0.0,0.8,2.9
89,Josh Christopher\chrisjo01,SG,20,HOU,0.484,0.438,1.3,1.2,0.7,0.0,1.0,5.6
90,Gary Clark\clarkga01,F,27,NOP,,,0.0,0.0,0.0,0.0,0.0,0.0
91,Brandon Clarke\clarkbr01,PF,25,MEM,0.610,0.091,4.4,1.4,0.4,0.9,0.4,7.7
92,Jordan Clarkson\clarkjo01,SG,29,UTA,0.381,0.305,3.1,2.1,0.6,0.2,1.2,14.9
93,Nicolas Claxton\claxtni01,C,22,BRK,0.660,,4.5,0.5,0.4,0.9,0.7,7.2
94,Amir Coffey\coffeam01,SG,24,LAC,0.341,0.333,1.6,0.6,0.1,0.1,0.3,3.3
95,John Collins\collijo01,PF,24,ATL,0.557,0.402,7.8,2.1,0.7,1.3,1.0,17.1
96,Mike Conley\conlemi01,PG,34,UTA,0.490,0.457,2.1,5.4,1.2,0.3,1.8,13.6
97,Pat Connaughton\connapa01,SG,29,MIL,0.506,0.434,4.7,1.3,1.0,0.3,0.7,12.5
98,Tyler Cook\cookty01,PF,24,CHI,0.500,,1.0,1.5,0.0,0.0,0.5,3.0
99,Sharife Cooper\coopesh01,PG,20,ATL,0.333,0.000,0.0,0.7,0.0,0.0,0.3,0.7
100,Petr Cornelie\cornepe01,PF,26,DEN,0.333,0.000,1.3,0.3,0.0,0.0,0.2,0.9
101,DeMarcus Cousins\couside01,C,31,MIL,0.333,0.231,4.0,1.0,0.7,0.1,1.1,4.4
102,Robert Covington\covinro01,PF,31,POR,0.387,0.333,4.7,1.2,1.2,1.1,1.1,6.4
103,Torrey Craig\craigto01,SF,31,IND,0.486,0.278,3.1,0.8,0.4,0.3,0.6,5.0
104,Jae Crowder\crowdja01,PF,31,PHO,0.405,0.344,4.8,1.4,1.2,0.5,0.9,9.5
105,Jarrett Culver\culveja01,SG,22,MEM,0.525,0.250,1.5,1.3,0.5,0.1,0.3,4.5
106,Cade Cunningham\cunnica01,PG,20,DET,0.388,0.321,6.2,4.5,1.4,0.6,3.8,15.9
107,Seth Curry\curryse01,SG,31,PHI,0.516,0.390,3.0,3.0,0.8,0.2,1.6,16.1
108,Stephen Curry\curryst01,PG,33,GSW,0.431,0.399,5.5,6.1,1.6,0.5,3.3,26.9
109,Anthony Davis\davisan02,C,28,LAL,0.520,0.182,10.2,3.0,1.2,2.1,2.2,23.8
110,Ed Davis\davised01,C,32,CLE,0.750,,3.2,0.1,0.2,0.6,0.3,1.9
111,Terence Davis\daviste02,SG,24,SAC,0.414,0.295,3.0,1.0,0.8,0.4,1.3,9.2
112,Gabriel Deck\deckga01,PF,26,OKC,0.500,0.333,0.8,0.5,0.2,0.0,0.3,2.2
113,Dewayne Dedmon\dedmode01,C,32,MIA,0.571,0.600,6.2,0.9,0.4,0.4,0.9,6.3
114,Sam Dekker\dekkesa01,PF,27,TOR,,,0.0,0.0,0.0,0.0,0.0,0.0
115,DeMar DeRozan\derozde01,PF,32,CHI,0.498,0.333,5.3,4.1,0.9,0.4,2.0,26.4
116,Hamidou Diallo\diallha01,SG,23,DET,0.542,0.273,2.9,0.8,0.6,0.5,0.6,7.2
117,Gorgui Dieng\dienggo01,C,32,ATL,0.438,0.375,3.2,0.7,0.3,0.3,0.6,2.7
118,Spencer Dinwiddie\dinwisp01,PG,28,WAS,0.387,0.328,4.9,5.1,0.4,0.2,1.6,12.8
119,Luka Dončić\doncilu01,PG,22,DAL,0.447,0.326,8.0,8.5,1.0,0.5,4.6,25.6
120,Luguentz Dort\dortlu01,SF,22,OKC,0.423,0.332,3.8,1.8,0.8,0.4,1.6,17.0
121,Ayo Dosunmu\dosunay01,SG,22,CHI,0.504,0.415,2.1,1.2,0.4,0.2,0.8,6.0
122,Devon Dotson\dotsode01,PG,22,CHI,0.417,0.200,1.2,0.8,0.0,0.0,0.2,3.2
123,Sekou Doumbouya\doumbse01,PF,21,LAL,0.625,0.500,3.0,0.0,1.5,1.0,1.0,7.0
124,Jeff Dowtin\dowtije01,PG,24,GSW,0.500,,0.7,0.0,0.0,0.0,0.0,1.3
125,PJ Dozier\doziepj01,SG,25,DEN,0.364,0.313,3.5,1.6,0.6,0.3,0.7,5.4
126,Goran Dragić\dragigo01,PG,35,TOR,0.382,0.286,2.8,1.8,1.0,0.2,0.2,8.0
127,Andre Drummond\drumman01,C,28,PHI,0.503,0.000,9.3,1.9,1.0,1.1,1.7,6.0
128,Chris Duarte\duartch01,SG,24,IND,0.420,0.340,4.2,2.1,1.0,0.1,1.7,12.9
129,David Duke\dukeda01,G,22,BRK,0.313,0.100,5.5,1.5,1.0,0.5,0.5,6.3
130,Kevin Durant\duranke01,PF,33,BRK,0.523,0.382,7.9,5.9,0.6,0.9,3.2,29.7
131,Anthony Edwards\edwaran01,SG,20,MIN,0.434,0.360,5.8,3.6,1.6,0.7,3.3,22.1
132,Kessler Edwards\edwarke02,SF,21,BRK,0.519,0.462,5.0,1.0,0.8,0.0,1.0,8.5
133,CJ Elleby\ellebcj01,SF,21,POR,0.455,0.333,1.3,0.3,0.0,0.0,0.5,1.7
134,Wayne Ellington\ellinwa01,SG,34,LAL,0.397,0.398,1.5,0.7,0.5,0.1,0.4,6.6
135,Joel Embiid\embiijo01,C,27,PHI,0.445,0.369,10.9,4.3,1.1,1.3,2.6,24.3
136,Drew Eubanks\eubandr01,C,24,SAS,0.520,0.200,4.6,1.3,0.4,0.8,1.2,5.5
137,Tacko Fall\fallta01,C,26,CLE,0.400,,0.6,0.0,0.0,0.3,0.1,0.6
138,Derrick Favors\favorde01,C,30,OKC,0.509,0.222,5.1,0.6,0.5,0.2,0.3,5.9
139,Bruno Fernando\fernabr01,C,23,BOS,0.667,,0.3,0.1,0.0,0.1,0.4,0.5
140,Dorian Finney-Smith\finnedo01,PF,28,DAL,0.435,0.370,4.8,1.8,1.4,0.5,1.0,9.3
141,Malik Fitts\fittsma01,PF,24,UTA,0.000,,0.8,0.0,0.0,0.0,0.0,0.0
142,Malachi Flynn\flynnma01,PG,23,TOR,0.375,0.290,1.2,0.9,0.5,0.1,0.3,3.1
143,Bryn Forbes\forbebr01,SG,28,SAS,0.465,0.430,1.2,0.7,0.4,0.0,0.9,7.9
144,Trent Forrest\forretr01,PG,23,UTA,0.524,0.333,1.1,0.8,0.3,0.0,0.6,1.5
145,Evan Fournier\fournev01,SG,29,NYK,0.414,0.372,2.7,1.7,0.9,0.2,1.3,12.4
146,De'Aaron Fox\foxde01,PG,24,SAC,0.455,0.263,3.7,5.0,1.4,0.4,2.7,21.3
147,Enes Freedom\kanteen01,C,29,BOS,0.466,0.333,5.2,0.2,0.2,0.5,0.6,4.1
148,Daniel Gafford\gaffoda01,C,23,WAS,0.665,,6.3,1.0,0.5,1.9,1.1,8.9
149,Danilo Gallinari\gallida01,PF,33,ATL,0.425,0.421,4.0,1.4,0.5,0.2,0.5,9.6
150,Langston Galloway\gallola01,G,30,BRK,0.500,1.000,1.0,0.0,0.0,0.0,1.0,3.0
151,Darius Garland\garlada01,PG,22,CLE,0.467,0.389,3.0,7.4,1.3,0.1,3.8,19.0
152,Marcus Garrett\garrema01,SG,23,MIA,0.000,,0.5,0.7,0.0,0.2,0.0,0.0
153,Usman Garuba\garubus01,PF,19,HOU,0.375,0.222,2.6,0.8,0.4,0.4,0.2,1.7
154,Luka Garza\garzalu01,C,23,DET,0.422,0.375,2.1,0.5,0.4,0.1,0.5,3.7
155,Rudy Gay\gayru01,PF,35,UTA,0.443,0.400,5.0,0.9,0.5,0.2,0.9,9.4
156,Paul George\georgpa01,SF,31,LAC,0.422,0.318,7.3,5.4,1.9,0.4,4.3,25.0
157,Taj Gibson\gibsota01,C,36,NYK,0.425,0.143,4.5,0.7,0.4,1.1,0.9,3.4
158,Josh Giddey\giddejo01,SG,19,OKC,0.397,0.244,6.8,5.9,1.0,0.6,2.9,10.7
159,Shai Gilgeous-Alexander\gilgesh01,PG,23,OKC,0.409,0.305,4.6,4.9,0.9,0.7,2.4,21.7
160,Anthony Gill\gillan01,PF,29,WAS,0.769,1.000,1.4,0.2,0.0,0.2,0.2,2.5
161,Rudy Gobert\goberru01,C,29,UTA,0.738,0.000,14.7,1.0,0.8,2.1,1.8,15.3
162,Aaron Gordon\gordoaa01,PF,26,DEN,0.515,0.341,5.6,2.3,0.6,0.7,1.5,14.0
163,Eric Gordon\gordoer01,SG,33,HOU,0.477,0.434,1.8,3.1,0.6,0.5,2.6,14.7
164,Devonte' Graham\grahade01,PG,26,NOP,0.366,0.353,2.4,4.5,1.1,0.1,1.6,13.3
165,Jerami Grant\grantje01,PF,27,DET,0.414,0.331,4.8,2.6,1.1,1.1,2.1,20.1
166,Danny Green\greenda02,SF,34,PHI,0.415,0.383,2.7,1.2,1.4,0.8,1.0,7.0
167,Draymond Green\greendr01,PF,31,GSW,0.556,0.308,8.0,7.3,1.4,1.0,3.1,8.3
168,Jalen Green\greenja05,SG,19,HOU,0.382,0.278,3.1,2.3,0.6,0.2,2.7,14.0
169,JaMychal Green\greenja01,PF,31,DEN,0.409,0.220,3.3,0.8,0.8,0.5,1.0,5.4
170,Javonte Green\greenja02,SF,28,CHI,0.495,0.385,4.3,0.7,0.8,0.3,0.7,5.4
171,Jeff Green\greenje02,C,35,DEN,0.484,0.328,3.0,1.1,0.3,0.5,1.0,9.6
172,Josh Green\greenjo02,SG,21,DAL,0.600,0.500,1.5,0.5,0.4,0.1,0.2,2.4
173,Blake Griffin\griffbl01,PF,32,BRK,0.358,0.182,4.9,2.0,0.5,0.5,0.5,6.2
174,Quentin Grimes\grimequ01,SG,21,NYK,0.447,0.469,0.9,0.4,0.2,0.1,0.6,3.6
175,Tyrese Haliburton\halibty01,SG,21,SAC,0.442,0.395,4.0,5.7,1.8,0.9,1.9,11.5
176,R.J. Hampton\hamptrj01,SG,20,ORL,0.398,0.417,2.8,2.3,0.5,0.1,1.5,7.4
177,Tim Hardaway Jr.\hardati02,SG,29,DAL,0.384,0.333,3.9,2.3,1.0,0.1,0.6,14.4
178,James Harden\hardeja01,PG,32,BRK,0.404,0.337,7.9,9.6,1.4,0.7,5.0,20.8
179,Maurice Harkless\harklma01,SF,28,SAC,0.382,0.220,2.4,0.5,0.4,0.4,0.5,3.6
180,Montrezl Harrell\harremo01,C,28,WAS,0.641,0.250,7.6,2.2,0.5,0.7,1.2,14.6
181,Gary Harris\harriga01,SG,27,ORL,0.436,0.316,2.4,1.6,0.6,0.1,1.1,8.1
182,Joe Harris\harrijo01,SF,30,BRK,0.452,0.466,4.0,1.0,0.5,0.1,1.1,11.3
183,Tobias Harris\harrito02,PF,29,PHI,0.459,0.299,7.7,3.4,0.3,0.6,1.6,18.5
184,Josh Hart\hartjo01,PF,26,NOP,0.508,0.333,6.8,4.1,0.8,0.3,1.7,11.3
185,Isaiah Hartenstein\harteis01,C,23,LAC,0.657,0.667,4.7,1.9,0.9,1.3,1.0,7.6
186,Udonis Haslem\hasleud01,C,41,MIA,0.500,0.000,1.2,0.2,0.0,0.2,0.0,1.2
187,Sam Hauser\hausesa01,SF,24,BOS,0.333,0.333,0.7,0.0,0.3,0.0,0.0,1.0
188,Jaxson Hayes\hayesja02,C,21,NOP,0.506,0.364,3.2,0.3,0.3,0.6,0.7,5.6
189,Killian Hayes\hayeski01,PG,20,DET,0.333,0.339,3.3,3.5,1.1,0.5,1.5,6.1
190,Gordon Hayward\haywago01,SF,31,CHO,0.470,0.403,4.9,3.9,0.8,0.6,1.9,18.4
191,Aaron Henry\henryaa01,SF,22,PHI,0.000,0.000,0.0,0.0,0.0,0.0,0.0,0.0
192,Juan Hernangómez\hernaju01,PF,26,BOS,0.222,0.167,1.1,0.1,0.3,0.0,0.4,0.9
193,Willy Hernangómez\hernawi01,C,27,NOP,0.647,1.000,6.6,1.4,0.4,0.3,1.0,8.3
194,Tyler Herro\herroty01,SG,22,MIA,0.440,0.382,5.2,3.7,0.6,0.1,3.1,20.3
195,Buddy Hield\hieldbu01,SG,29,SAC,0.382,0.355,4.0,2.1,0.8,0.3,1.6,15.6
196,George Hill\hillge01,SG,35,MIL,0.438,0.324,3.5,2.5,0.8,0.1,1.2,7.5
197,Solomon Hill\hillso01,PF,30,ATL,0.150,0.154,1.8,0.9,0.3,0.2,0.1,0.6
198,Aaron Holiday\holidaa01,PG,25,WAS,0.474,0.357,1.7,1.8,0.6,0.3,1.0,6.1
199,Jrue Holiday\holidjr01,PG,31,MIL,0.476,0.369,4.4,6.5,1.4,0.5,2.5,16.4
200,Justin Holiday\holidju01,SF,32,IND,0.394,0.353,2.8,1.6,0.5,0.3,0.8,10.0
201,Richaun Holmes\holmeri01,C,28,SAC,0.707,0.500,9.3,1.4,0.3,1.0,1.4,14.0
202,Rodney Hood\hoodro01,SF,29,MIL,0.372,0.327,2.0,0.8,0.3,0.0,0.1,3.7
203,Al Horford\horfoal01,C,35,BOS,0.453,0.295,7.8,3.5,0.8,1.5,1.0,12.2
204,Talen Horton-Tucker\hortota01,SG,21,LAL,0.406,0.278,4.5,2.9,1.3,0.5,1.5,11.3
205,Danuel House\houseda01,SF,28,HOU,0.338,0.294,2.7,1.2,0.3,0.3,1.1,4.8
206,Dwight Howard\howardw01,C,36,LAL,0.625,0.750,5.4,0.5,0.8,0.7,0.9,5.0
207,Markus Howard\howarma02,SG,22,DEN,0.355,0.391,0.3,0.3,0.4,0.0,0.4,4.3
208,Kevin Huerter\huertke01,SG,23,ATL,0.467,0.384,3.3,2.6,0.4,0.3,1.3,10.7
209,Jay Huff\huffja01,C,23,LAL,0.000,0.000,2.0,1.0,0.0,0.0,0.0,0.0
210,Elijah Hughes\hugheel01,SF,23,UTA,0.000,0.000,0.2,0.0,0.0,0.0,0.2,0.3
211,De'Andre Hunter\huntede01,SF,24,ATL,0.450,0.395,2.7,0.6,0.6,0.3,1.3,10.8
212,Chandler Hutchison\hutchch01,SF,25,PHO,0.500,,1.0,0.2,0.0,0.0,0.6,0.8
213,Bones Hyland\hylanbo01,PG,21,DEN,0.374,0.337,1.7,1.6,0.7,0.2,0.8,8.2
214,Serge Ibaka\ibakase01,C,32,LAC,0.362,0.400,3.1,1.2,0.2,0.3,0.5,4.3
215,Andre Iguodala\iguodan01,SF,38,GSW,0.365,0.161,3.5,3.6,0.6,0.7,0.6,3.5
216,Joe Ingles\inglejo01,SF,34,UTA,0.448,0.402,3.0,3.5,0.5,0.1,1.0,7.8
217,Brandon Ingram\ingrabr01,SF,24,NOP,0.450,0.360,6.3,4.9,0.6,0.4,2.9,23.4
218,Frank Jackson\jacksfr01,PG,23,DET,0.413,0.342,1.4,0.9,0.5,0.2,0.9,10.6
219,Isaiah Jackson\jacksis01,PF,20,IND,0.357,,1.6,0.0,0.1,0.1,0.1,1.6
220,Jaren Jackson Jr.\jacksja02,PF,22,MEM,0.428,0.343,5.3,1.0,0.9,1.9,1.5,16.4
221,Josh Jackson\jacksjo02,SF,24,DET,0.406,0.290,3.1,1.6,0.4,0.4,1.0,6.7
222,Reggie Jackson\jacksre01,SG,31,LAC,0.396,0.329,3.5,4.1,0.6,0.2,2.1,17.5
223,LeBron James\jamesle01,SF,37,LAL,0.504,0.358,5.9,6.9,1.8,0.9,3.6,26.1
224,DeJon Jarreau\jarrede01,SG,24,IND,,,0.0,0.0,0.0,0.0,0.0,0.0
225,Ty Jerome\jeromty01,SG,24,OKC,0.397,0.282,1.0,1.2,0.6,0.1,0.6,6.5
226,Isaiah Joe\joeis01,SG,22,PHI,0.333,0.333,1.2,0.8,0.2,0.1,0.4,3.6
227,Alize Johnson\johnsal02,PF,25,CHI,0.522,0.000,2.3,0.5,0.2,0.0,0.5,1.8
228,Cameron Johnson\johnsca02,PF,25,PHO,0.424,0.412,3.8,1.3,0.8,0.3,0.8,10.2
229,David Johnson\johnsda08,SG,20,TOR,0.000,0.000,0.0,0.0,0.0,0.0,0.0,0.0
230,Jalen Johnson\johnsja05,PF,20,ATL,0.500,0.500,0.7,0.0,0.0,0.0,0.0,2.0
231,James Johnson\johnsja01,PF,34,BRK,0.481,0.313,3.9,1.9,0.5,0.4,0.6,4.8
232,Keldon Johnson\johnske04,SF,22,SAS,0.474,0.443,6.1,1.8,0.9,0.2,1.3,14.7
233,Keon Johnson\johnske07,SG,19,LAC,0.286,0.000,0.6,0.4,0.2,0.0,0.2,1.8
234,Nikola Jokić\jokicni01,C,26,DEN,0.588,0.379,13.6,7.5,1.3,0.7,3.4,26.6
235,Damian Jones\jonesda03,C,26,SAC,0.591,0.500,2.8,0.6,0.1,0.3,0.4,2.8
236,Derrick Jones Jr.\jonesde02,PF,24,CHI,0.586,0.320,3.5,0.5,0.5,1.0,0.5,7.0
237,Herb Jones\joneshe01,C,23,NOP,0.461,0.333,3.3,1.8,1.4,0.9,1.1,6.9
238,Kai Jones\joneska01,C,21,CHO,0.500,0.000,0.4,0.1,0.0,0.0,0.3,0.6
239,Tre Jones\jonestr01,PG,22,SAS,0.483,0.125,1.6,1.8,0.4,0.0,0.6,4.0
240,Tyus Jones\jonesty01,PG,25,MEM,0.467,0.400,2.6,4.2,0.9,0.1,0.8,7.7
241,DeAndre Jordan\jordade01,C,33,LAL,0.671,,5.8,0.3,0.3,0.9,0.8,4.6
242,Cory Joseph\josepco01,PG,30,DET,0.424,0.300,1.8,3.5,0.8,0.2,1.5,6.2
243,Georgios Kalaitzakis\kalaige01,SF,23,MIL,0.455,0.500,0.9,0.0,0.1,0.1,0.4,1.8
244,Frank Kaminsky\kaminfr01,C,28,PHO,0.545,0.333,4.6,1.4,0.9,0.8,0.6,10.6
245,Luke Kennard\kennalu01,SG,25,LAC,0.438,0.451,3.5,2.0,0.7,0.1,0.9,11.4
246,Louis King\kinglo02,SF,22,SAC,0.318,0.286,1.8,0.3,0.5,0.0,0.0,6.0
247,Corey Kispert\kispeco01,SF,22,WAS,0.409,0.264,1.8,0.6,0.3,0.2,0.3,3.9
248,Maxi Kleber\klebima01,PF,30,DAL,0.427,0.359,5.4,0.9,0.4,0.8,0.6,7.3
249,Nathan Knight\knighna01,PF,24,MIN,0.625,0.000,1.2,0.3,0.1,0.2,0.3,1.9
250,Kevin Knox\knoxke01,SF,22,NYK,0.385,0.421,1.8,0.4,0.3,0.0,0.3,4.1
251,John Konchar\konchjo01,SG,25,MEM,0.573,0.500,3.7,1.3,0.8,0.2,0.5,4.4
252,Furkan Korkmaz\korkmfu01,SG,24,PHI,0.374,0.295,2.9,2.4,0.6,0.1,0.9,8.4
253,Vit Krejci\krejcvi01,SG,21,OKC,0.000,0.000,1.0,0.0,0.0,0.0,0.3,0.7
254,Arnoldas Kulboka\kulboar01,F,24,CHO,,,0.0,0.0,0.0,0.0,0.0,0.0
255,Jonathan Kuminga\kuminjo01,SF,19,GSW,0.462,0.125,1.6,0.3,0.3,0.1,0.5,3.3
256,Kyle Kuzma\kuzmaky01,PF,26,WAS,0.420,0.344,8.0,2.9,0.6,0.7,1.9,12.8
257,Jeremy Lamb\lambje01,SF,29,IND,0.363,0.343,2.4,1.3,0.5,0.3,0.5,6.8
258,Jock Landale\landajo01,C,26,SAS,0.667,0.400,0.6,0.3,0.0,0.2,0.2,2.4
259,Romeo Langford\langfro01,SG,22,BOS,0.424,0.390,3.2,0.6,0.4,0.2,0.5,5.0
260,Zach LaVine\lavinza01,SF,26,CHI,0.490,0.391,5.3,4.2,0.5,0.3,2.7,26.0
261,Jake Layman\laymaja01,SF,27,MIN,0.308,0.333,0.7,0.1,0.1,0.1,0.2,1.0
262,Damion Lee\leeda03,SG,29,GSW,0.417,0.314,3.0,1.0,0.4,0.1,0.5,7.8
263,Saben Lee\leesa01,PG,22,DET,0.400,0.231,2.1,2.3,1.3,0.3,0.8,5.6
264,Alex Len\lenal01,C,28,SAC,0.526,0.400,4.2,1.0,0.2,1.0,1.1,6.1
265,Caris LeVert\leverca01,SG,27,IND,0.440,0.298,2.7,3.3,1.0,0.5,1.7,16.3
266,Kira Lewis Jr.\lewiski01,PG,20,NOP,0.404,0.224,1.6,2.0,0.5,0.0,1.1,5.9
267,Scottie Lewis\lewissc01,G,21,CHO,,,0.0,0.5,0.5,0.0,0.0,0.5
268,Damian Lillard\lillada01,PG,31,POR,0.384,0.305,4.2,7.7,0.6,0.4,2.8,22.0
269,Nassir Little\littlna01,SF,21,POR,0.481,0.316,5.2,0.8,0.7,0.7,0.9,8.6
270,Isaiah Livers\liveris01,F,23,DET,0.000,0.000,0.0,0.0,1.0,1.0,1.0,0.0
271,Kevon Looney\looneke01,C,25,GSW,0.543,0.000,6.4,1.3,0.5,0.7,0.6,5.8
272,Brook Lopez\lopezbr01,C,33,MIL,0.333,0.500,5.0,0.0,1.0,3.0,0.0,8.0
273,Robin Lopez\lopezro01,C,33,ORL,0.612,0.000,3.3,1.0,0.0,0.5,0.9,6.5
274,Didi Louzada\louzama01,SF,22,NOP,0.000,0.000,1.0,0.5,0.0,0.0,0.0,0.0
275,Kevin Love\loveke01,PF,33,CLE,0.427,0.412,7.1,1.9,0.2,0.3,1.2,12.0
276,Kyle Lowry\lowryky01,PG,35,MIA,0.430,0.335,4.4,7.9,1.0,0.3,3.1,13.8
277,Timothé Luwawu-Cabarrot\luwawti01,SF,26,ATL,0.378,0.375,1.4,0.6,0.3,0.1,0.2,3.9
278,Trey Lyles\lylestr01,PF,26,DET,0.423,0.300,4.1,0.8,0.3,0.1,0.9,7.6
279,Théo Maledon\maledth01,PG,20,OKC,0.227,0.111,1.6,1.0,0.3,0.1,1.0,2.4
280,Sandro Mamukelashvili\mamuksa01,PF,22,MIL,0.432,0.357,2.2,0.5,0.1,0.1,0.2,2.6
281,Terance Mann\mannte01,SF,25,LAC,0.472,0.364,5.5,2.3,0.6,0.1,1.1,9.8
282,Tre Mann\manntr01,PG,20,OKC,0.419,0.373,1.8,0.5,0.6,0.3,0.7,7.4
283,Boban Marjanović\marjabo01,C,33,DAL,0.646,0.333,1.9,0.1,0.0,0.1,0.6,4.9
284,Lauri Markkanen\markkla01,PF,24,CLE,0.422,0.348,5.2,1.3,0.8,0.4,0.8,14.0
285,Naji Marshall\marshna01,SF,24,NOP,0.311,0.125,2.8,1.1,0.4,0.2,1.0,3.5
286,Caleb Martin\martica02,SF,26,MIA,0.489,0.377,3.2,1.0,0.9,0.6,0.6,7.6
287,Cody Martin\martico01,SF,26,CHO,0.500,0.500,4.5,2.6,1.4,0.6,0.8,9.3
288,Kelan Martin\martike03,SF,26,IND,0.431,0.292,2.0,0.9,0.5,0.3,0.6,6.9
289,Kenyon Martin Jr.\martike04,SF,21,HOU,0.541,0.295,3.2,1.2,0.4,0.4,0.4,7.5
290,Garrison Mathews\mathega01,SG,25,HOU,0.428,0.362,3.5,0.6,0.7,0.4,0.4,12.3
291,Wesley Matthews\matthwe02,SG,35,MIL,0.364,0.250,1.3,0.3,0.5,0.3,0.5,2.5
292,Tyrese Maxey\maxeyty01,PG,21,PHI,0.480,0.371,3.5,4.7,0.7,0.6,1.4,17.0
293,Skylar Mays\mayssk01,SG,24,ATL,0.800,0.500,0.3,0.1,0.0,0.0,0.3,2.0
294,Miles McBride\mcbrimi01,PG,21,NYK,0.367,0.267,0.9,1.2,0.6,0.1,0.0,2.9
295,CJ McCollum\mccolcj01,SG,30,POR,0.424,0.393,4.1,4.5,1.1,0.7,1.9,20.6
296,T.J. McConnell\mccontj01,PG,29,IND,0.503,0.280,3.3,4.8,1.0,0.4,1.2,8.4
297,Jaden McDaniels\mcdanja02,PF,21,MIN,0.380,0.273,4.4,0.8,1.0,0.5,0.9,6.3
298,Jalen McDaniels\mcdanja01,SF,24,CHO,0.527,0.440,3.6,1.0,0.4,0.3,0.7,5.9
299,Doug McDermott\mcderdo01,PF,30,SAS,0.459,0.406,2.3,1.3,0.2,0.1,0.7,11.1
300,JaVale McGee\mcgeeja01,C,34,PHO,0.646,0.250,7.5,0.6,0.4,0.8,1.5,10.6
301,Rodney McGruder\mcgruro01,SG,30,DET,0.417,0.200,1.5,0.6,0.0,0.1,0.4,2.2
302,Alfonzo McKinnie\mckinal01,F,29,CHI,0.333,0.667,0.0,1.0,0.0,1.0,1.0,6.0
303,JaQuori McLaughlin\mclauja01,PG,24,DAL,0.000,,0.0,1.0,0.0,0.0,0.0,0.0
304,Jordan McLaughlin\mclaujo01,PG,25,MIN,0.295,0.200,0.9,2.1,0.6,0.0,0.7,2.2
305,Ben McLemore\mclembe01,SG,28,POR,0.433,0.412,0.9,0.7,0.3,0.0,0.6,5.6
306,De'Anthony Melton\meltode01,SG,23,MEM,0.408,0.346,4.0,2.6,1.6,0.6,1.6,10.1
307,Sam Merrill\merrisa01,SG,25,MEM,0.333,0.304,1.2,0.7,0.0,0.0,0.3,4.2
308,Chimezie Metu\metuch01,C,24,SAC,0.415,0.274,6.3,0.9,0.8,0.9,1.1,8.6
309,Khris Middleton\middlkh01,SF,30,MIL,0.412,0.351,5.7,4.9,1.1,0.1,3.1,17.8
310,Patty Mills\millspa02,PG,33,BRK,0.444,0.449,1.9,2.4,0.6,0.2,1.0,13.3
311,Paul Millsap\millspa01,PF,36,BRK,0.355,0.240,3.7,1.0,0.2,0.3,0.5,3.4
312,Shake Milton\miltosh01,PG,25,PHI,0.444,0.320,3.1,2.9,0.8,0.4,1.2,11.2
313,Davion Mitchell\mitchda01,PG,23,SAC,0.396,0.307,2.6,3.6,0.7,0.2,1.1,9.7
314,Donovan Mitchell\mitchdo01,SG,25,UTA,0.461,0.350,3.7,5.0,1.7,0.2,3.0,24.8
315,Evan Mobley\mobleev01,PF,20,CLE,0.474,0.333,8.3,2.5,0.9,1.8,1.6,13.8
316,Malik Monk\monkma01,SG,23,LAL,0.447,0.361,2.8,2.2,0.7,0.3,1.3,9.7
317,Moses Moody\moodymo01,SG,19,GSW,0.379,0.133,0.6,0.2,0.1,0.1,0.1,1.4
318,Ja Morant\moranja01,PG,22,MEM,0.476,0.356,5.6,6.8,1.6,0.3,3.2,24.1
319,Marcus Morris\morrima03,PF,32,LAC,0.433,0.371,4.8,1.9,0.5,0.3,1.4,13.8
320,Markieff Morris\morrima02,PF,32,MIA,0.457,0.364,2.8,1.4,0.3,0.1,1.2,7.7
321,Monte Morris\morrimo01,PG,26,DEN,0.484,0.369,2.7,4.3,0.8,0.2,1.4,12.8
322,Mychal Mulder\muldemy01,PG,27,ORL,0.302,0.306,1.2,0.1,0.2,0.1,0.3,3.5
323,Trey Murphy III\murphtr02,SF,21,NOP,0.363,0.373,2.2,0.5,0.3,0.1,0.4,4.4
324,Dejounte Murray\murrade01,PG,25,SAS,0.441,0.339,8.3,8.4,1.9,0.4,2.4,17.7
325,Mike Muscala\muscami01,C,30,OKC,0.467,0.443,3.2,0.5,0.3,0.5,0.4,8.4
326,Svi Mykhailiuk\mykhasv01,SF,24,TOR,0.423,0.330,2.5,1.1,0.7,0.1,0.8,6.8
327,Abdel Nader\naderab01,SF,28,PHO,0.343,0.286,1.9,0.5,0.6,0.3,0.8,2.4
328,Larry Nance Jr.\nancela02,PF,29,POR,0.517,0.277,5.3,1.7,0.9,0.3,0.8,6.3
329,RJ Nembhard\nembhrj01,SG,22,CLE,1.000,,0.5,0.5,0.0,0.0,0.0,1.0
330,Aaron Nesmith\nesmiaa01,SF,22,BOS,0.347,0.245,1.5,0.4,0.3,0.0,0.5,2.9
331,Raul Neto\netora01,PG,29,WAS,0.449,0.245,1.9,2.6,0.8,0.0,1.2,7.7
332,Georges Niang\niangge01,PF,28,PHI,0.441,0.380,2.5,1.5,0.6,0.3,0.8,10.4
333,Daishen Nix\nixda01,SG,19,HOU,,,0.0,1.0,0.0,0.0,0.0,0.0
334,Zeke Nnaji\nnajize01,PF,21,DEN,0.486,0.528,3.4,0.4,0.1,0.4,0.4,6.5
335,Nerlens Noel\noelne01,C,27,NYK,0.488,0.000,5.8,0.7,1.0,1.3,0.9,3.5
336,Jaylen Nowell\nowelja01,SG,22,MIN,0.375,0.286,0.9,1.1,0.2,0.3,0.1,3.0
337,Frank Ntilikina\ntilila01,PG,23,DAL,0.349,0.333,1.5,1.2,0.6,0.1,0.5,4.0
338,Jusuf Nurkić\nurkiju01,C,27,POR,0.574,0.217,10.3,2.4,1.1,0.5,2.1,13.4
339,David Nwaba\nwabada01,SF,29,HOU,0.479,0.167,3.1,0.6,0.6,0.2,0.5,4.1
340,Jordan Nwora\nworajo01,SF,23,MIL,0.390,0.333,3.2,1.0,0.3,0.4,1.1,6.8
341,Royce O'Neale\onealro01,SF,28,UTA,0.500,0.402,5.0,2.4,1.5,0.7,1.1,7.8
342,Semi Ojeleye\ojelese01,PF,27,MIL,0.255,0.214,3.6,0.4,0.4,0.5,0.5,3.0
343,Chuma Okeke\okekech01,PF,23,ORL,0.342,0.208,4.0,1.2,0.8,0.3,1.0,6.5
344,Josh Okogie\okogijo01,SG,23,MIN,0.333,0.250,2.2,0.9,0.6,0.3,0.5,2.5
345,Isaac Okoro\okorois01,SF,21,CLE,0.444,0.301,4.0,1.7,0.9,0.3,1.1,9.3
346,KZ Okpala\okpalkz01,PF,22,MIA,0.381,0.273,1.9,0.6,0.2,0.3,0.2,2.8
347,Kelly Olynyk\olynyke01,C,30,DET,0.459,0.341,5.3,2.3,1.4,0.7,1.5,12.5
348,Eugene Omoruyi\omorueu01,SF,24,DAL,0.400,0.500,1.8,0.5,0.0,0.0,0.0,1.8
349,Miye Oni\onimi01,SG,24,UTA,0.286,0.167,0.4,0.4,0.0,0.0,0.1,0.4
350,Cedi Osman\osmande01,SF,26,CLE,0.447,0.400,2.5,1.8,1.0,0.3,1.0,11.0
351,Kelly Oubre Jr.\oubreke01,SF,26,CHO,0.460,0.386,4.1,1.4,1.1,0.3,1.1,16.6
352,Kevin Pangos\pangoke01,PG,29,CLE,0.444,0.400,0.2,0.6,0.1,0.0,0.4,1.0
353,Jabari Parker\parkeja01,PF,26,BOS,0.519,0.556,2.2,0.4,0.3,0.1,0.6,4.6
354,Eric Paschall\pascher01,PF,25,UTA,0.419,0.300,1.8,0.6,0.1,0.1,0.5,3.3
355,Chris Paul\paulch01,PG,36,PHO,0.481,0.329,4.0,10.1,2.0,0.3,2.4,14.5
356,Cameron Payne\payneca01,PG,27,PHO,0.387,0.308,3.0,3.3,0.6,0.3,2.0,10.5
357,Elfrid Payton\paytoel01,PG,27,PHO,0.414,0.250,2.1,2.4,0.4,0.1,0.9,3.9
358,Gary Payton II\paytoga02,PG,29,GSW,0.670,0.417,3.0,0.7,1.2,0.3,0.5,6.4
359,Jamorko Pickett\pickeja01,PF,24,DET,1.000,1.000,0.0,0.0,0.0,0.0,0.3,1.0
360,Mason Plumlee\plumlma01,C,31,CHO,0.598,,7.2,2.8,0.9,1.0,1.3,6.7
361,Jakob Poeltl\poeltja01,C,26,SAS,0.624,,8.8,2.6,0.5,1.6,1.6,12.3
362,Aleksej Pokusevski\pokusal01,PF,20,OKC,0.338,0.200,4.3,1.2,0.5,0.5,1.2,4.5
363,Yves Pons\ponsyv01,SF,22,MEM,0.333,1.000,1.0,0.0,0.0,0.0,0.0,1.0
364,Jordan Poole\poolejo01,SG,22,GSW,0.442,0.338,3.4,3.4,1.0,0.2,2.5,17.9
365,Kevin Porter Jr.\porteke02,PG,21,HOU,0.358,0.309,4.4,5.8,1.3,0.3,4.0,12.8
366,Michael Porter Jr.\portemi01,SF,23,DEN,0.359,0.208,6.6,1.9,1.1,0.2,1.3,9.9
367,Otto Porter\porteot01,PF,28,GSW,0.444,0.402,4.7,1.0,0.8,0.3,0.6,7.5
368,Bobby Portis\portibo01,C,26,MIL,0.473,0.402,9.0,1.4,0.9,1.0,1.6,15.6
369,Kristaps Porziņģis\porzikr01,PF,26,DAL,0.443,0.288,8.1,2.0,0.7,1.6,1.4,19.7
370,Dwight Powell\poweldw01,C,30,DAL,0.569,0.350,4.4,1.1,0.4,0.5,0.7,5.5
371,Norman Powell\powelno01,SF,28,POR,0.466,0.403,2.7,1.9,0.9,0.4,1.4,17.8
372,Joshua Primo\primojo01,SG,19,SAS,0.545,0.500,0.8,0.5,0.4,0.5,0.0,2.0
373,Taurean Prince\princta02,PF,27,MIN,0.366,0.309,2.1,0.8,0.4,0.2,0.5,4.6
374,Payton Pritchard\pritcpa01,SG,24,BOS,0.271,0.319,1.1,1.4,0.0,0.1,0.6,2.6
375,Immanuel Quickley\quickim01,PG,22,NYK,0.390,0.346,2.4,2.6,0.7,0.1,1.1,10.2
376,Jahmi'us Ramsey\ramseja01,SG,20,SAC,0.357,0.167,0.0,0.3,0.0,0.1,0.0,1.9
377,Julius Randle\randlju01,PF,27,NYK,0.424,0.344,9.8,5.2,0.8,0.7,3.4,19.6
378,Austin Reaves\reaveau01,SG,23,LAL,0.500,0.390,2.5,1.1,0.2,0.1,0.7,5.8
379,Cam Reddish\reddica01,SF,22,ATL,0.406,0.375,2.7,0.9,1.1,0.2,1.2,11.3
380,Davon Reed\reedda01,SG,26,DEN,0.368,0.375,3.8,1.3,1.5,0.2,0.3,3.2
381,Paul Reed\reedpa01,C,22,PHI,0.486,0.000,2.5,0.5,0.6,0.6,0.4,2.4
382,Naz Reid\reidna01,C,22,MIN,0.459,0.354,3.4,0.7,0.5,0.9,1.0,8.9
383,Nick Richards\richani01,C,24,CHO,0.686,,2.0,0.3,0.2,0.5,0.5,3.5
384,Josh Richardson\richajo01,SG,28,BOS,0.464,0.354,2.8,1.3,0.6,0.5,0.7,9.7
385,Austin Rivers\riverau01,SG,29,DEN,0.346,0.271,1.4,0.8,0.5,0.1,0.6,3.9
386,Duncan Robinson\robindu01,SG,27,MIA,0.377,0.337,3.6,1.4,0.8,0.2,0.8,11.4
387,Justin Robinson\robinju01,PG,24,MIL,0.316,0.270,0.8,1.2,0.5,0.0,0.6,2.8
388,Mitchell Robinson\robinmi01,C,23,NYK,0.758,,7.6,0.6,0.4,1.7,0.5,7.1
389,Jeremiah Robinson-Earl\robinje02,C,21,OKC,0.412,0.333,5.7,0.8,0.5,0.3,0.9,6.9
390,Isaiah Roby\robyis01,PF,23,OKC,0.516,0.333,2.7,0.8,0.2,0.4,0.7,6.4
391,Rajon Rondo\rondora01,PG,35,LAL,0.317,0.280,2.4,3.6,0.8,0.2,1.6,3.4
392,Derrick Rose\rosede01,PG,33,NYK,0.445,0.402,3.0,4.0,0.8,0.5,1.5,12.0
393,Terrence Ross\rosste01,SG,30,ORL,0.394,0.290,2.4,2.2,0.6,0.2,1.6,11.1
394,Terry Rozier\roziete01,SG,27,CHO,0.435,0.355,3.4,3.6,1.2,0.5,1.4,17.6
395,Ricky Rubio\rubiori01,PG,31,CLE,0.358,0.340,3.9,6.5,1.3,0.1,2.6,12.6
396,D'Angelo Russell\russeda01,PG,25,MIN,0.387,0.332,4.1,6.4,0.9,0.7,2.6,18.8
397,Domantas Sabonis\sabondo01,C,25,IND,0.590,0.293,11.8,4.2,1.1,0.4,3.0,18.3
398,Tomáš Satoranský\satorto01,SG,30,NOP,0.321,0.143,2.0,2.0,0.3,0.0,0.7,2.7
399,Dennis Schröder\schrode01,SG,28,BOS,0.438,0.336,3.6,4.8,0.9,0.1,2.6,17.1
400,Jay Scrubb\scrubja01,SG,21,LAC,0.393,0.286,0.5,0.5,0.3,0.3,0.4,3.4
401,Wayne Selden\seldewa01,SG,27,NYK,,,0.0,0.0,0.0,0.0,0.0,0.0
402,Alperen Şengün\sengual01,C,19,HOU,0.492,0.294,4.7,2.7,1.1,0.8,1.8,9.2
403,Collin Sexton\sextoco01,SG,23,CLE,0.450,0.244,3.3,2.1,0.9,0.0,2.8,16.0
404,Landry Shamet\shamela01,SG,24,PHO,0.378,0.387,2.3,1.6,0.3,0.1,0.6,8.1
405,Day'Ron Sharpe\sharpda01,PF,20,BRK,0.591,0.333,2.9,0.0,0.2,0.3,0.8,3.1
406,Pascal Siakam\siakapa01,PF,27,TOR,0.470,0.300,7.6,3.7,0.6,0.8,2.2,19.1
407,Marko Simonovic\simonma01,C,22,CHI,0.000,0.000,0.7,0.0,0.0,0.0,0.3,1.0
408,Anfernee Simons\simonan01,SG,22,POR,0.446,0.394,2.7,2.1,0.4,0.2,1.1,12.8
409,Jericho Sims\simsje01,PF,23,NYK,1.000,,1.7,0.1,0.2,0.4,0.2,1.0
410,Javonte Smart\smartja01,PG,22,MIL,0.409,0.364,2.0,0.9,0.3,0.0,0.6,3.9
411,Marcus Smart\smartma01,PG,27,BOS,0.378,0.273,3.9,5.6,2.1,0.3,1.9,10.7
412,Dennis Smith Jr.\smithde03,PG,24,POR,0.425,0.278,2.3,3.1,1.3,0.4,1.8,5.8
413,Ish Smith\smithis01,PG,33,CHO,0.417,0.500,1.3,2.4,0.4,0.2,0.9,4.8
414,Jalen Smith\smithja04,PF,21,PHO,0.379,0.091,3.1,0.2,0.2,0.4,0.4,3.7
415,Tony Snell\snellto01,SG,30,POR,0.326,0.306,1.4,0.7,0.2,0.1,0.2,2.0
416,Jaden Springer\sprinja01,SG,19,PHI,,,0.0,0.0,0.0,0.0,0.0,0.0
417,Lamar Stevens\stevela01,PF,24,CLE,0.389,0.400,1.8,0.3,0.2,0.2,0.3,2.8
418,Isaiah Stewart\stewais01,C,20,DET,0.532,0.083,8.1,1.1,0.4,1.2,1.1,7.6
419,Max Strus\strusma01,SF,25,MIA,0.432,0.383,3.0,1.0,0.4,0.1,0.6,8.3
420,Jalen Suggs\suggsja01,PG,20,ORL,0.339,0.255,3.4,3.6,1.1,0.4,3.2,12.3
421,Jae'Sean Tate\tateja01,SF,26,HOU,0.495,0.321,5.8,3.1,0.9,0.7,2.0,12.3
422,Jayson Tatum\tatumja01,SF,23,BOS,0.423,0.339,8.6,3.6,1.0,0.8,2.8,26.2
423,Garrett Temple\templga01,SG,35,NOP,0.391,0.378,2.8,1.0,0.9,0.5,0.8,5.5
424,Daniel Theis\theisda01,C,29,HOU,0.496,0.300,5.2,0.8,0.5,0.7,1.3,8.9
425,Brodric Thomas\thomabr01,SG,25,BOS,,,0.3,0.0,0.0,0.0,0.3,0.0
426,Cameron Thomas\thomaca02,SG,20,BRK,0.387,0.240,1.8,1.0,0.4,0.1,0.4,5.7
427,Matt Thomas\thomama02,SG,27,CHI,0.263,0.222,0.6,0.0,0.3,0.1,0.0,1.5
428,Tristan Thompson\thomptr01,PF,30,SAC,0.545,,5.6,0.5,0.3,0.4,0.9,6.6
429,JT Thor\thorjt01,PF,19,CHO,0.364,0.214,1.7,0.9,0.6,0.4,0.3,3.1
430,Matisse Thybulle\thybuma01,SG,24,PHI,0.464,0.298,2.1,1.0,1.7,1.1,0.9,5.5
431,Killian Tillie\tilliki02,C,23,MEM,0.396,0.364,1.3,0.5,0.5,0.5,0.3,3.5
432,Xavier Tillman Sr.\tillmxa01,PF,23,MEM,0.454,0.222,3.2,1.4,1.2,0.5,0.7,5.3
433,Isaiah Todd\toddis01,PF,20,WAS,0.400,0.571,0.4,0.0,0.4,0.2,0.2,2.6
434,Obi Toppin\toppiob01,PF,23,NYK,0.530,0.196,3.9,0.9,0.3,0.6,0.9,8.7
435,Juan Toscano-Anderson\toscaju01,SF,28,GSW,0.515,0.273,2.8,2.2,0.6,0.4,1.1,4.7
436,Karl-Anthony Towns\townska01,C,26,MIN,0.508,0.423,9.0,3.3,1.1,1.1,3.5,24.3
437,Gary Trent Jr.\trentga02,SG,23,TOR,0.433,0.383,3.2,2.0,2.1,0.3,0.9,17.0
438,P.J. Tucker\tuckepj01,PF,36,MIA,0.503,0.456,5.7,2.1,0.7,0.3,0.9,7.6
439,Myles Turner\turnemy01,C,25,IND,0.513,0.364,7.4,1.0,0.6,2.9,1.3,12.9
440,Jonas Valančiūnas\valanjo01,C,29,NOP,0.522,0.465,12.1,2.4,0.6,0.9,2.2,18.7
441,Denzel Valentine\valende01,SG,28,CLE,0.289,0.320,1.0,0.3,0.3,0.0,0.4,1.7
442,Jarred Vanderbilt\vandeja01,PF,22,MIN,0.561,0.222,8.2,1.2,1.5,0.7,1.0,6.2
443,Fred VanVleet\vanvlfr01,PG,27,TOR,0.430,0.389,5.0,6.5,1.6,0.6,3.1,19.8
444,Devin Vassell\vassede01,SF,21,SAS,0.459,0.364,3.7,1.4,1.1,0.8,0.6,11.1
445,Gabe Vincent\vincega01,PG,25,MIA,0.448,0.389,1.7,2.6,0.7,0.2,1.4,7.3
446,Nikola Vučević\vucevni01,C,31,CHI,0.404,0.340,10.5,3.6,1.0,1.0,1.6,15.2
447,Dean Wade\wadede01,PF,25,CLE,0.442,0.345,3.3,1.1,0.6,0.1,0.3,5.1
448,Franz Wagner\wagnefr01,SF,20,ORL,0.449,0.380,4.5,2.8,1.1,0.4,1.3,14.1
449,Moritz Wagner\wagnemo01,C,24,ORL,0.449,0.370,2.5,0.8,0.2,0.2,0.8,6.3
450,Ish Wainright\wainris01,PF,27,PHO,0.250,0.182,1.3,0.3,0.3,0.0,0.3,1.3
451,Kemba Walker\walkeke02,PG,31,NYK,0.429,0.413,2.6,3.1,1.1,0.3,1.3,11.7
452,Lonnie Walker\walkelo01,SG,23,SAS,0.385,0.295,2.9,2.3,0.6,0.3,1.3,10.6
453,Brad Wanamaker\wanambr01,PG,32,IND,0.385,0.250,1.7,2.2,0.2,0.3,0.9,3.8
454,Duane Washington Jr.\washidu02,PG,21,IND,0.500,0.333,0.3,0.0,0.0,0.0,0.0,1.7
455,P.J. Washington\washipj01,PF,23,CHO,0.465,0.432,5.4,2.2,0.6,1.2,1.2,10.6
456,Yuta Watanabe\watanyu01,SF,27,TOR,0.360,0.343,4.0,1.2,0.4,0.7,0.2,6.1
457,Trendon Watford\watfotr01,SF,21,POR,0.500,,0.9,0.6,0.3,0.3,0.3,2.0
458,Paul Watson\watsopa01,SF,27,OKC,0.133,0.154,2.4,0.6,0.2,0.6,0.6,1.4
459,Russell Westbrook\westbru01,PG,33,LAL,0.451,0.322,7.8,8.4,1.2,0.2,4.6,19.6
460,Coby White\whiteco01,PG,21,CHI,0.349,0.226,2.6,1.3,0.1,0.1,0.9,6.1
461,Derrick White\whitede01,SG,27,SAS,0.415,0.288,3.9,5.2,1.2,0.9,1.5,14.1
462,Hassan Whiteside\whiteha01,C,32,UTA,0.608,,6.8,0.3,0.2,1.4,1.0,7.6
463,Joe Wieskamp\wieskjo01,SG,22,SAS,1.000,1.000,0.0,0.0,0.0,0.0,0.0,1.0
464,Aaron Wiggins\wiggiaa01,SG,23,OKC,0.455,0.333,1.6,1.0,0.4,0.1,0.8,3.0
465,Andrew Wiggins\wiggian01,SF,26,GSW,0.488,0.408,4.5,1.8,0.8,0.6,1.6,18.4
466,Grant Williams\willigr01,PF,23,BOS,0.511,0.453,3.4,1.0,0.4,0.6,0.6,7.5
467,Kenrich Williams\willike04,SF,27,OKC,0.461,0.423,3.6,2.0,1.0,0.2,0.8,7.0
468,Lou Williams\willilo02,PG,35,ATL,0.395,0.341,1.6,1.2,0.7,0.1,1.0,6.8
469,Patrick Williams\willipa01,PF,20,CHI,0.565,0.500,2.2,0.6,0.6,0.4,0.4,6.6
470,Robert Williams\williro04,C,24,BOS,0.746,,8.1,1.1,0.8,1.7,1.1,9.1
471,Ziaire Williams\willizi02,SF,20,MEM,0.354,0.246,1.5,0.6,0.4,0.3,0.6,4.7
472,Dylan Windler\windldy01,SF,25,CLE,0.442,0.379,1.7,0.9,0.3,0.1,0.4,2.7
473,Justise Winslow\winslju01,SF,25,LAC,0.404,0.231,2.1,1.0,0.5,0.4,0.9,2.4
474,Cassius Winston\winstca01,PG,23,WAS,0.000,0.000,0.0,1.0,0.0,0.0,0.5,1.0
475,Christian Wood\woodch01,C,26,HOU,0.458,0.344,11.1,2.3,0.6,1.0,1.9,16.5
476,Robert Woodard\woodaro01,SF,22,SAC,,,0.0,0.0,0.0,0.0,0.0,0.0
477,Delon Wright\wrighde01,SG,29,ATL,0.368,0.348,2.7,2.2,0.7,0.2,0.5,2.8
478,McKinley Wright IV\wrighmc01,PG,23,MIN,1.000,1.000,0.0,0.0,0.0,0.0,1.0,3.0
479,Thaddeus Young\youngth01,PF,33,SAS,0.566,0.000,3.4,2.5,0.9,0.3,1.0,6.2
480,Trae Young\youngtr01,PG,23,ATL,0.461,0.383,4.1,9.3,1.0,0.1,4.1,27.0
481,Omer Yurtseven\yurtsom01,C,23,MIA,0.521,0.000,2.1,0.5,0.1,0.5,0.4,3.1
482,Cody Zeller\zelleco01,C,29,POR,0.566,0.000,4.6,0.8,0.3,0.3,0.7,5.1
483,Ivica Zubac\zubaciv01,C,24,LAC,0.665,,7.9,1.1,0.6,1.1,1.3,9.8